Graph Size,Runtime (milliseconds)
26,53.021333
27,53.803834
28,49.464001
29,53.140998
30,48.376958
31,50.816914
32,72.930332
33,76.431452
34,79.710783
35,80.940179
36,78.518209
37,86.64146
38,83.636319
39,79.506915
40,87.872017
41,82.876307
42,87.406845
43,86.861858
44,82.447836
45,82.563077
46,86.058929
47,87.508323
48,92.51412
49,96.404204
50,94.839648
51,88.648364
52,92.270374
53,87.236227
54,88.841681
55,91.451375
56,88.949143
57,87.563052
58,92.069951
59,88.587952
60,89.113029
61,92.371724
62,92.458386
63,91.792016
64,94.723572
65,94.590495
66,91.074559
67,93.30565
68,92.669027
69,94.614505
70,106.042989
71,104.221804
72,193.518522
73,183.340772
74,192.619852
75,190.712361
76,185.814403
77,186.130559
78,189.996436
79,185.834379
80,186.659567
81,186.416427
82,188.307019
83,220.274798
84,223.067048
85,224.423915
86,223.421449
87,231.646889
88,232.363347
89,232.58514
90,230.401314
91,228.677334
92,234.741274
93,232.421449
94,235.286212
95,231.258266
96,239.516549
97,230.22129
98,238.788138
99,245.159281
100,235.543258
101,236.985549
102,237.344523
103,265.860707
104,273.618081
105,260.471136
106,268.165585
107,259.126991
108,265.216651
109,253.946151
110,255.272847
111,255.626958
112,259.412977
113,258.593083
114,258.707678
115,262.461082
116,276.843657
117,282.585545
118,286.104425
119,294.740054
120,282.976939
121,275.266936
122,274.887866
123,279.898052
124,275.523821
125,282.798397
126,290.88762
127,286.829277
128,286.853318
129,290.558058
130,293.618834
131,284.030163
132,285.911271
133,302.891061
134,289.37189
135,282.951814
136,294.000824
137,290.311291
138,298.005024
139,294.137384
140,314.83608
141,313.130676
142,308.081794
143,297.786495
144,296.602155
145,306.076298
146,317.692542
147,304.386407
148,301.988455
149,310.068861
150,308.540623
151,312.133108
152,315.047504
153,309.355793
154,303.720667
155,310.206581
156,315.671345
157,314.917046
158,302.641067
159,316.523382
160,309.116611
161,319.130847
162,312.590635
163,317.370015
164,311.480542
165,327.506519
166,325.203345
167,316.25276
168,328.304104
169,335.920296
170,318.117117
171,331.037518
172,331.247851
173,329.148197
174,339.315735
175,347.754865
176,333.630873
177,344.017304
178,345.242982
179,334.138437
180,346.983987
181,334.789435
182,325.955098
183,329.835268
184,347.753974
185,345.307845
186,349.2488
187,346.017035
188,343.87914
189,345.628548
190,344.764326
191,338.169913
192,359.767102
193,362.129696
194,354.952485
195,359.350931
196,357.816338
197,369.1327
198,359.521816
199,371.995475
200,351.074965
201,356.061741
202,349.710698
203,377.507932
204,356.838659
205,371.790479
206,365.908407
207,354.33961
208,367.98651
209,371.155964
210,368.722914
211,371.065294
212,368.686261
213,369.939165
214,364.754208
215,363.348949
216,375.502845
217,385.472239
218,378.633323
219,367.55883
220,402.807932
221,378.541111
222,378.478091
223,387.259705
224,389.4935
225,382.737234
226,377.955346
227,406.14614
228,403.051486
229,405.360393
230,408.07351
231,397.80542
232,401.695551
233,407.581359
234,410.058783
235,417.985341
236,401.248522
237,419.193726
238,410.130363
239,397.194591
240,406.174011
241,412.711216
242,415.188943
243,401.13635
244,408.494926
245,414.190633
246,420.350287
247,415.66115
248,424.225593
249,432.857488
250,427.237856
251,434.765657
252,423.465391
253,443.272835
254,431.744559
255,438.316596
256,433.206089
257,436.32227
258,437.357431
259,424.507157
260,450.126527
261,433.735873
262,433.453334
263,466.670956
264,443.300181
265,447.551614
266,458.062013
267,454.231759
268,447.681562
269,447.7428
270,452.296942
271,472.050357
272,458.928201
273,462.030426
274,478.021945
275,454.072118
276,453.933665
277,480.253274
278,463.25903
279,469.906626
280,468.612014
281,457.839078
282,468.825472
283,481.68058
284,476.95316
285,475.24043
286,489.128239
287,509.869726
288,474.035023
289,484.293919
290,493.640317
291,485.683116
292,509.596952
293,483.699933
294,491.654579
295,485.138667
296,504.573265
297,481.492668
298,494.451137
299,498.789729
300,509.054449
301,512.325364
302,517.81129
303,504.163985
304,509.62467
305,520.056237
306,519.581782
307,498.029274
308,516.30919
309,535.354533
310,558.9857
311,527.50652
312,535.539147
313,541.617996
314,545.977762
315,554.223928
316,555.221896
317,542.383969
318,544.46687
319,541.451865
320,569.699545
321,550.626706
322,557.999375
323,560.362698
324,551.066841
325,577.46112
326,556.313593
327,563.113631
328,568.30154
329,563.547162
330,574.115803
331,575.075295
332,576.760875
333,571.321746
334,573.902404
335,596.994795
336,567.968659
337,595.399456
338,588.657932
339,603.421027
340,600.220514
341,604.659172
342,585.147706
343,599.449374
344,600.120903
345,636.805475
346,606.793063
347,609.623141
348,602.630281
349,611.768346
350,627.014562
351,611.920376
352,615.270084
353,621.213398
354,630.167019
355,625.860597
356,649.351469
357,651.551732
358,647.215507
359,648.858315
360,635.478164
361,673.139822
362,686.646065
363,679.252268
364,698.824917
365,708.506132
366,699.142448
367,701.152963
368,694.361314
369,704.698699
370,697.483097
371,711.821447
372,705.685355
373,714.408311
374,710.840941
375,712.58506
376,714.679026
377,723.196049
378,738.99288
379,730.740963
380,714.066817
381,739.013869
382,734.264271
383,731.306964
384,756.955226
385,739.013601
386,737.544791
387,759.772729
388,759.880816
389,774.831351
390,754.664121
391,750.117532
392,754.616479
393,748.018879
394,745.450289
395,762.013473
396,786.17135
397,762.257332
398,761.38747
399,813.182319
400,773.118417
401,785.011768
402,814.921435
403,798.040222
404,818.737812
405,801.795688
406,810.946633
407,814.325543
408,797.955603
409,834.713765
410,834.245866
411,847.347842
412,841.576799
413,834.341008
414,845.545692
415,846.019718
416,825.361892
417,851.735677
418,849.970487
419,864.788989
420,846.04492
421,867.350459
422,880.6017
423,866.409583
424,874.91167
425,872.222564
426,870.338469
427,886.721867
428,875.780592
429,888.66247
430,874.835649
431,896.557281
432,900.196006
433,900.059363
434,918.697448
435,896.877039
436,923.278043
437,910.284588
438,916.281508
439,922.782786
440,909.247731
441,902.125245
442,920.799865
443,931.684715
444,925.320262
445,937.76134
446,925.140087
447,925.488268
448,931.633321
449,953.370946
450,971.829329
451,958.38737
452,961.767171
453,954.041851
454,966.863852
455,961.758181
456,967.590755
457,973.835284
458,994.791577
459,984.285503
460,1008.613984
461,1005.553225
462,994.061765
463,1012.753523
464,1009.81991
465,1010.689867
466,1007.638478
467,1010.606063
468,1012.326266
469,1015.493757
470,1029.110112
471,1039.930235
472,1024.47567
473,1037.696909
474,1044.366365
475,1038.296199
476,1041.761101
477,1051.46283
478,1050.195318
479,1072.469156
480,1063.279248
481,1103.130313
482,1076.405777
483,1085.024409
484,1087.823826
485,1072.50498
486,1098.400644
487,1137.252418
488,1103.430751
489,1113.971889
490,1115.844972
491,1122.058084
492,1115.459813
493,1112.15502
494,1144.064772
495,1127.257938
496,1142.576985
497,1138.414814
498,1155.644216
499,1142.865742
500,1149.80264
501,1156.19544
502,1142.068179
503,1160.244282
504,1158.874099
505,1163.477717
506,1168.05991
507,1160.725836
508,1165.186697
509,1187.535885
510,1180.18374
511,1183.485509
512,1197.251644
513,1184.683014
514,1194.751542
515,1214.025358
516,1214.91417
517,1228.408672
518,1232.276767
519,1208.851962
520,1212.263914
521,1213.666951
522,1239.55396
523,1248.177477
524,1244.498214
525,1268.770853
526,1258.888878
527,1240.062971
528,1258.787713
529,1276.420593
530,1270.586006
531,1250.884108
532,1265.829984
533,1278.166641
534,1303.551273
535,1287.616368
536,1290.733438
537,1307.017255
538,1296.248113
539,1314.397603
540,1333.537949
541,1326.343655
542,1334.724714
543,1349.193908
544,1336.943059
545,1332.398111
546,1379.003095
547,1393.611772
548,1441.769026
549,1426.773647
550,1379.944751
551,1376.873055
552,1374.079104
553,1390.707384
554,1402.713476
555,1393.612257
556,1393.924179
557,1409.755754
558,1383.974686
559,1404.507154
560,1409.898355
561,1430.159163
562,1422.502044
563,1452.598954
564,1422.688679
565,1442.975171
566,1446.47141
567,1462.20924
568,1459.204351
569,1438.19896
570,1495.431997
571,1511.616991
572,1481.271152
573,1510.989053
574,1519.504057
575,1523.781421
576,1518.63829
577,1530.89026
578,1541.485022
579,1543.48285
580,1556.151898
581,1546.495559
582,1534.014801
583,1546.724774
584,1544.64977
585,1570.791104
586,1553.78315
587,1577.69526
588,1572.126758
589,1592.421177
590,1603.723511
591,1586.219281
592,1590.572958
593,1591.548573
594,1606.346557
595,1613.2296
596,1614.069324
597,1601.406939
598,1639.135976
599,1623.581576
600,1654.059955
601,1630.89881
602,1655.565013
603,1663.580859
604,1646.514014
605,1651.458839
606,1694.675751
607,1669.145647
608,1681.245491
609,1693.90164
610,1681.338298
611,1694.331708
612,1694.560069
613,1726.087385
614,1715.311745
615,1696.440068
616,1734.808615
617,1723.331103
618,1766.566825
619,1734.629272
620,1735.368936
621,1737.43031
622,1774.465433
623,1763.882575
624,1767.526155
625,1788.888908
626,1753.971501
627,1790.954417
628,1791.415687
629,1796.714082
630,1823.981039
631,1812.274345
632,1796.860071
633,1803.394393
634,1839.931212
635,1831.877336
636,1831.225541
637,1830.871828
638,1856.339182
639,1854.349068
640,1868.909841
641,1852.7479
642,1857.643915
643,1885.192054
644,1887.411379
645,1886.183442
646,1893.831001
647,1893.052317
648,1885.007598
649,1917.121622
650,1888.645664
651,1907.652643
652,1938.075115
653,1925.267372
654,1934.292015
655,1923.9291
656,1953.591571
657,1956.921194
658,1977.629802
659,1945.764787
660,1961.589665
661,1966.554366
662,1980.897868
663,1971.845508
664,2003.351094
665,1996.570636
666,2009.471745
667,1999.167293
668,2040.285255
669,2002.95451
670,2025.680278
671,2057.016912
672,2027.010701
673,2047.596935
674,2048.060525
675,2049.221977
676,2084.400325
677,2086.787271
678,2081.852888
679,2061.908805
680,2070.62333
681,2074.756746
682,2116.018591
683,2128.863408
684,2148.505398
685,2125.400246
686,2150.358779
687,2124.5152
688,2129.833244
689,2142.013634
690,2185.586039
691,2188.642594
692,2172.266107
693,2161.75026
694,2190.550437
695,2171.277795
696,2221.370429
697,2192.487724
698,2182.956202
699,2248.342305
700,2229.503425
701,2230.837493
702,2211.28584
703,2244.356463
704,2258.866476
705,2239.101047
706,2256.001908
707,2267.252857
708,2272.099543
709,2273.057506
710,2262.247819
711,2285.904015
712,2291.210304
713,2294.269951
714,2292.55822
715,2294.175169
716,2341.977331
717,2337.749656
718,2344.308341
719,2370.673588
720,2341.552371
721,2389.065522
722,2360.575787
723,2348.670445
724,2380.522587
725,2407.733523
726,2402.069169
727,2385.821146
728,2378.381939
729,2407.954729
730,2433.972147
731,2411.374734
732,2417.863195
733,2433.894412
734,2426.120119
735,2455.181444
736,2409.80727
737,2505.847629
738,2501.239443
739,2509.746389
740,2484.960017
741,2460.958335
742,2521.685411
743,2513.377741
744,2506.690378
745,2558.713049
746,2559.199763
747,2552.322286
748,2552.744598
749,2595.618225
750,2556.457576
751,2586.72235
752,2583.875578
753,2589.310415
754,2568.113072
755,2610.199184
756,2588.629997
757,2594.24052
758,2656.930754
759,2630.666743
760,2641.817751
761,2669.342938
762,2673.724865
763,2661.608909
764,2683.844516
765,2707.451225
766,2680.996709
767,2672.691186
768,2659.641503
769,2713.852321
770,2710.890099
771,2697.121048
772,2723.1638
773,2744.034288
774,2764.789265
775,2738.103642
776,2724.495616
777,2749.24956
778,2752.581234
779,2772.914961
780,2804.30616
781,2803.430058
782,2807.965087
783,2814.730966
784,2810.196879
785,2832.128142
786,2860.559327
787,2850.366555
788,2828.060018
789,2893.867121
790,2818.889145
791,3037.187634
792,2881.722594
793,2893.914749
794,2918.597354
795,2916.228678
796,2949.401179
797,2932.734489
798,2923.193952
799,2904.20999
800,2921.551825
801,2957.240776
802,2960.532161
803,2944.806768
804,2958.866404
805,2987.290875
806,2969.774973
807,3041.193443
808,3025.244881
809,3023.789911
810,3018.060882
811,3149.721581
812,3093.387704
813,3074.707535
814,3092.098585
815,3073.659846
816,3102.370347
817,3073.720062
818,3120.423896
819,3111.993781
820,3108.635757
821,3132.099073
822,3136.836813
823,3145.906422
824,3153.818789
825,3169.80702
826,3175.904254
827,3186.355647
828,3201.93617
829,3180.56183
830,3209.101878
831,3235.827311
832,3202.410427
833,3234.407918
834,3240.988153
835,3264.872735
836,3224.302271
837,3268.292612
838,3248.625662
839,3258.730342
840,3304.130931
841,3308.841873
842,3322.623798
843,3334.325343
844,3324.190337
845,3293.396675
846,3371.360763
847,3340.939135
848,3386.974434
849,3406.428661
850,3388.391096
851,3425.386617
852,3378.755472
853,3466.615093
854,3433.910879
855,3429.572089
856,3485.662104
857,3422.111271
858,3481.908384
859,3471.086126
860,3493.221175
861,3505.348323
862,3528.253851
863,3509.604119
864,3484.67398
865,3516.505942
866,3542.119902
867,3500.905377
868,3541.90734
869,3545.052695
870,3558.240665
871,3533.965912
872,3622.319465
873,3585.94148
874,3583.032296
875,3634.507243
876,3642.172835
877,3626.168975
878,3642.146181
879,3651.704641
880,3660.795497
881,3666.259346
882,3692.991043
883,3679.109413
884,3756.695121
885,3757.627674
886,3672.574182
887,3720.231088
888,3747.519119
889,3723.16486
890,3812.64242
891,3754.845493
892,3798.604257
893,3796.183346
894,3792.551419
895,3789.761817
896,3827.436003
897,3823.454471
898,3890.09858
899,3820.993841
900,3857.621852
901,3888.647699
902,3857.989008
903,3840.198246
904,3967.023298
905,3899.583996
906,3927.045212
907,3931.812651
908,3930.32075
909,3916.243538
910,3954.067997
911,3949.473724
912,3940.191703
913,4002.331411
914,3983.557342
915,4010.748912
916,3995.077813
917,4027.511477
918,3997.681418
919,4063.177407
920,4027.951835
921,4035.84133
922,4052.416771
923,4063.441005
924,4091.348192
925,4083.365145
926,4109.950251
927,4090.991013
928,4153.356284
929,4129.231239
930,4172.138991
931,4193.353918
932,4146.819319
933,4203.928124
934,4190.869395
935,4184.297025
936,4234.420449
937,4270.109437
938,4221.660945
939,4256.891089
940,4268.998153
941,4253.811021
942,4301.644559
943,4346.671016
944,4342.963116
945,4365.106348
946,4306.020078
947,4342.561199
948,4312.059648
949,4364.505852
950,4348.48312
951,4363.028727
952,4362.379885
953,4378.600516
954,4399.554965
955,4412.340597
956,4402.436253
957,4487.344235
958,4457.082587
959,4500.563665
960,4482.17047
961,4482.792369
962,4464.020067
963,4523.6843
964,4539.905485
965,4525.190299
966,4539.449887
967,4546.059374
968,4598.217308
969,4585.5021
970,4604.23591
971,4561.634227
972,4608.911195
973,4590.761711
974,4621.8621
975,4629.036398
976,4663.449916
977,4632.677667
978,4649.601856
979,4685.330651
980,4681.797444
981,4706.156387
982,4708.658439
983,4726.580344
984,4710.024355
985,4791.962974
986,4747.714608
987,4771.203016
988,4785.02439
989,4766.902376
990,4825.02613
991,4835.486266
992,4839.570232
993,4842.730545
994,4822.806646
995,4996.970072
996,4898.212108
997,4946.7585
998,4921.943504
999,4898.127597
1000,4975.623985
1001,4961.807623
1002,4977.401726
1003,4991.219201
1004,5000.101017
1005,4981.6849
1006,4991.321129
1007,5040.780974
1008,5034.172174
1009,5075.851854
1010,5048.563444
1011,5057.362373
1012,5070.97081
1013,5066.335094
1014,5077.042344
1015,5081.657936
1016,5108.709892
1017,5116.640623
1018,5115.342072
1019,5129.853279
1020,5182.96343
1021,5193.813534
1022,5163.98595
1023,5199.880167
1024,5168.886966
1025,5247.861629
1026,5260.511391
1027,5271.778759
1028,5223.879499
1029,5239.141386
1030,5278.551782
1031,5289.369374
1032,5294.275613
1033,5338.140208
1034,5338.841212
1035,5347.311805
1036,5376.670066
1037,5354.73364
1038,5453.521727
1039,5394.012604
1040,5402.081118
1041,5411.890613
1042,5444.320898
1043,5479.644812
1044,5533.446022
1045,5442.491707
1046,5521.510161
1047,5469.564564
1048,5491.487448
1049,5543.649046
1050,5517.333934
1051,5559.55756
1052,5544.728018
1053,5627.808047
1054,5620.183335
1055,5663.404333
1056,5584.032363
1057,5645.899727
1058,5607.852634
1059,5655.874373
1060,5648.151567
1061,5661.258133
1062,5714.475529
1063,5690.757032
1064,5712.619854
1065,5901.56615
1066,5814.542823
1067,5783.090832
1068,5819.08451
1069,5777.744497
1070,5769.837751
1071,5805.838121
1072,5858.777468
1073,5853.174198
1074,5869.545382
1075,5847.536035
1076,5886.326445
1077,5851.114707
1078,5919.09568
1079,5912.829355
1080,5905.737261
1081,5947.737736
1082,5957.696047
1083,5958.281558
1084,6000.543018
1085,6026.794974
1086,6050.904596
1087,6003.187313
1088,6046.784882
1089,6107.659658
1090,6107.437884
1091,6070.454212
1092,6096.606714
1093,6121.425029
1094,6155.487217
1095,6186.236307
1096,6171.987019
1097,6211.465702
1098,6221.696613
1099,6192.898772
1100,6211.351343
1101,6244.418703
1102,6239.320863
1103,6273.868385
1104,6283.204972
1105,6317.140139
1106,6341.511722
1107,6323.702746
1108,6377.89457
1109,6398.384398
1110,6410.567676
1111,6387.683921
1112,6440.136945
1113,6383.628745
1114,6441.075256
1115,6437.076235
1116,6461.928027
1117,6468.046175
1118,6768.664058
1119,6540.571177
1120,6516.269826
1121,6567.499658
1122,6539.934914
1123,6537.132201
1124,6566.040326
1125,6595.269034
1126,6621.576196
1127,6648.213965
1128,6667.020164
1129,6614.97734
1130,6663.186105
1131,6635.065765
1132,6689.283719
1133,6717.080412
1134,6744.975581
1135,6805.084367
1136,6704.612461
1137,6781.630288
1138,6860.596442
1139,6754.259306
1140,6861.175014
1141,6850.001194
1142,6816.746666
1143,6933.705021
1144,6963.918404
1145,6957.491881
1146,6973.160931
1147,6999.045051
1148,7012.848865
1149,7089.273991
1150,7050.368194
1151,7065.137926
1152,7025.245948
1153,7081.658857
1154,7104.673735
1155,7087.266614
1156,7154.133636
1157,7119.405125
1158,7154.55528
1159,7189.193816
1160,7160.006862
1161,7185.380296
1162,7217.938277
1163,7219.853549
1164,7245.540192
1165,7291.102697
1166,7288.652594
1167,7257.521827
1168,7329.521759
1169,7357.81031
1170,7355.791137
1171,7329.24472
1172,7406.823978
1173,7326.707006
1174,7413.010976
1175,7420.973877
1176,7396.604712
1177,7422.046947
1178,7418.90168
1179,7439.099454
1180,7505.106288
1181,7515.584556
1182,7540.370793
1183,7616.090707
1184,7567.461977
1185,7571.221233
1186,7540.007665
1187,7590.37043
1188,7664.528649
1189,7560.558867
1190,7691.255123
1191,7681.207128
1192,7679.886658
1193,7700.628824
1194,7713.406246
1195,7694.328125
1196,7688.119171
1197,7744.1484
1198,7759.658163
1199,7794.763931
1200,7800.553611
1201,7870.522079
1202,7819.238893
1203,7883.05214
1204,7882.193441
1205,7903.803808
1206,7918.268836
1207,7956.227846
1208,7924.765649
1209,8001.06321
1210,8009.109491
1211,7955.937443
1212,7997.882032
1213,8014.644482
1214,8098.0783
1215,8098.908417
1216,8098.227049
1217,8110.586409
1218,8114.538962
1219,8090.938089
1220,8236.991911
1221,8157.762957
1222,8224.375894
1223,8185.197835
1224,8168.431306
1225,8225.95329
1226,8256.275855
1227,8264.713906
1228,8253.747732
1229,8243.209028
1230,8311.942945
1231,8355.587273
1232,8280.770495
1233,8341.497511
1234,8340.964288
1235,8387.850682
1236,8445.431888
1237,8401.352219
1238,8433.221686
1239,8458.031569
1240,8475.154791
1241,8428.175156
1242,8542.964665
1243,8501.782648
1244,8522.242134
1245,8532.959535
1246,8595.814471
1247,8583.59475
1248,8579.447542
1249,8672.255177
1250,8616.609895
1251,8672.336736
1252,8636.438817
1253,8777.540117
1254,8717.572439
1255,8730.126527
1256,8745.359764
1257,8821.419483
1258,8779.210651
1259,8810.961658
1260,8810.375579
1261,8836.29858
1262,8867.647774
1263,8897.130932
1264,8903.583824
1265,8925.197108
1266,8986.564744
1267,8909.900428
1268,9013.395444
1269,8994.697905
1270,9080.336913
1271,9023.680761
1272,9029.266773
1273,9066.506304
1274,9077.354274
1275,9087.118522
1276,9117.18275
1277,9217.959261
1278,9109.364234
1279,9171.165664
1280,9231.219849
1281,9225.439189
1282,9192.743803
1283,9213.51256
1284,9271.812874
1285,9313.079089
1286,9281.303745
1287,9294.65152
1288,9318.633096
1289,9296.450605
1290,9348.746046
1291,9346.751337
1292,9351.660383
1293,9384.468117
1294,9387.60398
1295,9400.067397
1296,9477.081762
1297,9514.579435
1298,9568.991625
1299,9563.99329
1300,9492.532051
1301,9581.032727
1302,9579.997389
1303,9602.47374
1304,9639.590085
1305,9665.536081
1306,9599.637697
1307,9706.039263
1308,9677.523709
1309,9728.359682
1310,9707.117852
1311,9780.414796
1312,9758.864674
1313,9806.768319
1314,9832.815849
1315,9912.712014
1316,9824.6917
1317,9899.656391
1318,9862.111712
1319,9955.439272
1320,9940.69646
1321,10086.383599
1322,10008.906914
1323,9981.386241
1324,10032.296522
1325,9988.123365
1326,10028.760979
1327,9975.196738
1328,10078.446597
1329,10134.803051
1330,10090.872362
1331,10150.97994
1332,10207.519723
1333,10175.378887
1334,10214.779054
1335,10145.442713
1336,10214.119784
1337,10229.969394
1338,10284.485665
1339,10262.315319
1340,10342.807828
1341,10348.138654
1342,10336.448299
1343,10363.999633
1344,10398.730417
1345,10400.957218
1346,10400.966543
1347,10445.42155
1348,10532.791459
1349,10535.040511
1350,10523.625704
1351,10584.480434
1352,10601.208717
1353,10584.457269
1354,10630.675658
1355,10871.017356
1356,10664.434556
1357,10724.778687
1358,10670.939646
1359,10687.547364
1360,10736.291327
1361,10688.863058
1362,10725.630537
1363,10751.799871
1364,10757.635891
1365,10886.865892
1366,10821.985614
1367,10900.756798
1368,10906.563207
1369,10997.104841
1370,10954.34594
1371,10984.244637
1372,10972.612238
1373,10997.709676
1374,10985.906559
1375,10996.787502
1376,10997.932193
1377,11051.948701
1378,11100.087501
1379,11145.724728
1380,11148.857416
1381,11138.259854
1382,11204.851928
1383,11259.39132
1384,11255.307327
1385,11285.773147
1386,11336.134522
1387,11319.666873
1388,11256.752234
1389,11342.793569
1390,11288.989093
1391,11364.228911
1392,11336.544844
1393,11386.147133
1394,11505.063347
1395,11438.85789
1396,11555.026256
1397,11718.380649
1398,11579.087761
1399,11593.522838
1400,11585.384687
1401,11584.45335
1402,11633.737146
1403,11740.624223
1404,11595.029469
1405,11725.40925
1406,11693.500016
1407,11780.419115
1408,11751.592825
1409,11796.859003
1410,11760.708674
1411,11919.87296
1412,11765.816109
1413,11827.46682
1414,11866.814538
1415,11933.852212
1416,11985.722065
1417,11876.175218
1418,11892.779313
1419,12001.002273
1420,11943.530536
1421,12012.446506
1422,11979.96768
1423,12058.739358
1424,12004.931779
1425,12069.617124
1426,12151.654851
1427,12137.500044
1428,12116.419718
1429,12122.252497
1430,12197.04711
1431,12188.208884
1432,12197.972583
1433,12157.919812
1434,12205.613237
1435,12367.016825
1436,12320.572449
1437,12357.765757
1438,12454.038051
1439,12443.909945
1440,12431.228714
1441,12521.456218
1442,12489.021386
1443,12461.89116
1444,12552.783111
1445,12581.291688
1446,12601.139548
1447,12591.878522
1448,12655.60314
1449,12601.508841
1450,12636.325965
1451,12639.624661
1452,12671.53185
1453,12691.50778
1454,12668.738712
1455,12688.416916
1456,12783.838566
1457,12771.355347
1458,12799.328528
1459,12873.489495
1460,12918.124581
1461,12913.186777
1462,12951.699973
1463,12902.754983
1464,12964.537819
1465,12979.093511
1466,12892.452002
1467,13074.300674
1468,13041.218939
1469,13178.387081
1470,13051.390375
1471,13074.028753
1472,13133.487535
1473,13146.637147
1474,13178.75324
1475,13157.744838
1476,13246.678026
1477,13248.508675
1478,13264.467393
1479,13286.321438
1480,13372.901244
1481,13359.1984
1482,13321.520466
1483,13513.886474
1484,13359.939183
1485,13439.597725
1486,13543.789398
1487,13663.700485
1488,13520.425806
1489,13526.951034
1490,13571.082888
1491,13507.060465
1492,13816.216583
1493,13530.877903
1494,13661.693386
1495,13712.861558
1496,13717.238167
1497,13706.554783
1498,13771.658488
1499,13826.74935
1500,13808.451907
1501,13933.905489
1502,13946.293317
1503,13919.212946
1504,13887.646932
1505,13963.259544
1506,13950.630279
1507,13998.480122
1508,13956.686229
1509,14056.518394
1510,14014.433583
1511,14129.3335
1512,14137.775687
1513,14154.610751
1514,14135.938561
1515,14198.257497
1516,14150.801089
1517,14386.132947
1518,14210.868652
1519,14393.297126
1520,14269.073125
1521,14332.150897
1522,14335.074915
1523,14346.350129
1524,14381.438097
1525,14374.784534
1526,14442.157072
1527,14461.541687
1528,14511.511126
1529,14504.442083
1530,14607.07854
1531,14534.919454
1532,14658.015495
1533,14609.59445
1534,14698.978042
1535,14695.89027
1536,14664.428957
1537,14745.746151
1538,14791.753642
1539,14806.831664
1540,14742.249091
1541,14813.647224
1542,14840.478867
1543,14861.223144
1544,14802.819571
1545,14909.580572
1546,14926.852273
1547,14946.999366
1548,14971.370861
1549,15181.298299
1550,15109.591716
1551,15170.259943
1552,15251.978126
1553,15272.467766
1554,15332.332856
1555,15290.067528
1556,15272.387202
1557,15375.496155
1558,15463.055905
1559,15354.799564
1560,15480.087342
1561,15430.796355
1562,15372.311214
1563,15478.276243
1564,15507.505827
1565,15500.556027
1566,15587.135312
1567,15538.137222
1568,15595.751996
1569,15643.280649
1570,15655.75042
1571,15684.124593
1572,15610.68197
1573,15752.746259
1574,15744.856014
1575,15754.048606
1576,15865.043366
1577,15802.10491
1578,15873.726594
1579,15874.424664
1580,15977.912723
1581,15913.135068
1582,15913.559316
1583,15951.166302
1584,15968.393624
1585,15996.153614
1586,16054.883327
1587,16068.248984
1588,16111.495047
1589,16137.300284
1590,16100.456584
1591,16197.996238
1592,16195.826791
1593,16346.993028
1594,16194.749909
1595,16331.153558
1596,16345.942879
1597,16377.776334
1598,16504.091291
1599,16359.53384
1600,16541.531177
1601,16465.730499
1602,16454.025336
1603,16516.88415
1604,16549.657951
1605,16667.780627
1606,16617.307073
1607,16705.633634
1608,16620.87179
1609,16642.21622
1610,16717.355758
1611,16730.098423
1612,16757.74037
1613,16710.617309
1614,16734.665308
1615,16788.181852
1616,16864.80689
1617,16857.916311
1618,16918.38807
1619,16870.219371
1620,16959.577743
1621,16966.227138
1622,17046.024099
1623,17113.30173
1624,16935.173379
1625,17105.997979
1626,17115.979235
1627,17147.128366
1628,17234.833233
1629,17271.20822
1630,17258.636709
1631,17175.711444
1632,17179.400484
1633,17274.790645
1634,17340.765807
1635,17371.439079
1636,17375.633057
1637,17435.899827
1638,17669.814876
1639,17526.552769
1640,17443.090603
1641,17546.300551
1642,17539.270687
1643,17494.767945
1644,17589.143643
1645,17630.769372
1646,17622.670652
1647,17621.474946
1648,17704.35974
1649,17808.257532
1650,17719.350987
1651,17802.481428
1652,17845.11361
1653,17846.696881
1654,17954.296283
1655,17868.026174
1656,17880.782401
1657,17954.119833
1658,18079.278853
1659,18013.151999
1660,18070.810908
1661,18145.449476
1662,18067.053179
1663,18075.653764
1664,18123.073681
1665,18205.537885
1666,18276.754435
1667,18314.411297
1668,18274.63219
1669,18393.593388
1670,18333.810166
1671,18394.377602
1672,18434.665156
1673,18446.378938
1674,18520.633693
1675,18422.356597
1676,18573.816136
1677,18551.327079
1678,18574.078264
1679,18576.613599
1680,18664.867036
1681,18611.412611
1682,18919.163175
1683,19191.582188
1684,18895.017729
1685,19006.07674
1686,18807.173343
1687,18940.287948
1688,18908.257929
1689,18917.019256
1690,18918.74434
1691,19013.473256
1692,18955.023543
1693,19128.330339
1694,19077.671373
1695,19085.80965
1696,19205.108931
1697,19087.601463
1698,19204.344375
1699,19236.581619
1700,19222.341219
1701,19235.765877
1702,19391.894716
1703,19333.761613
1704,19425.493751
1705,19445.426247
1706,19458.047654
1707,19766.256099
1708,19436.168988
1709,19417.531535
1710,19551.359528
1711,19578.112152
1712,19538.688333
1713,19640.376344
1714,19707.396141
1715,19744.324866
1716,19790.456587
1717,19703.028346
1718,19797.231934
1719,19851.008673
1720,19823.920723
1721,19755.883812
1722,19868.214134
1723,19800.833328
1724,19889.831802
1725,19916.733101
1726,19891.376221
1727,19933.549443
1728,20029.465139
1729,19856.696903
1730,19937.883851
1731,20071.790807
1732,20241.545859
1733,20207.889841
1734,20244.110437
1735,20262.767068
1736,20287.22742
1737,20357.149499
1738,20319.975291
1739,20541.763992
1740,20388.336486
1741,20409.755549
1742,20474.6644
1743,20562.023577
1744,20585.582968
1745,20593.175561
1746,20553.39194
1747,20713.208664
1748,20630.750683
1749,20809.270111
1750,20724.021661
1751,20746.487715
1752,20855.842764
1753,20842.79197
1754,20819.523001
1755,20882.060391
1756,20937.086792
1757,20937.495707
1758,21015.534325
1759,20995.245852
1760,21041.996368
1761,21044.955147
1762,21309.736303
1763,21248.229389
1764,21162.840431
1765,21169.495947
1766,21246.064908
1767,21292.623626
1768,21283.429773
1769,21348.580227
1770,21377.208344
1771,21488.503585
1772,21405.802695
1773,21500.52246
1774,21439.787612
1775,21688.576021
1776,21555.256772
1777,21592.690748
1778,21677.067467
1779,21651.143145
1780,21694.665989
1781,21707.873192
1782,21749.47894
1783,21848.231444
1784,21788.246926
1785,21882.150141
1786,21893.83204
1787,21828.46949
1788,21980.629612
1789,21951.082123
1790,21996.448687
1791,22178.18685
1792,22231.598891
1793,22146.68759
1794,21984.461392
1795,22231.736559
1796,22289.253717
1797,22298.765037
1798,22325.651846
1799,22343.382824
1800,22279.315841
1801,22294.128599
1802,22411.743121
1803,22496.919243
1804,22334.133904
1805,22522.73277
1806,22478.247031
1807,22507.570772
1808,22591.191058
1809,22456.004886
1810,22651.764134
1811,22693.776429
1812,22686.579507
1813,22737.152353
1814,22865.010325
1815,23141.473642
1816,22978.666512
1817,22840.912987
1818,22928.403976
1819,22924.61755
1820,22908.905759
1821,23029.817378
1822,23010.260117
1823,23068.241946
1824,23027.806026
1825,23137.760248
1826,23190.918297
1827,23252.469089
1828,23131.187881
1829,23188.571024
1830,23252.772568
1831,23267.428604
1832,23548.605681
1833,23466.934782
1834,23472.848016
1835,23378.053362
1836,23581.477045
1837,23480.34903
1838,23595.583219
1839,23505.215744
1840,23533.956937
1841,23693.562582
1842,23762.747188
1843,23703.343327
1844,23772.836147
1845,23693.126073
1846,23946.450219
1847,23985.25204
1848,23928.008363
1849,23997.973057
1850,23980.722643
1851,24006.244746
1852,24164.227596
1853,24004.406613
1854,23982.853094
1855,24216.969687
1856,24262.263243
1857,24181.881723
1858,24269.729749
1859,24328.600638
1860,24420.151114
1861,24310.004332
1862,24287.166527
1863,24401.78381
1864,24318.59677
1865,24447.546953
1866,24550.165674
1867,24518.902001
1868,24697.473638
1869,24627.892942
1870,24566.388394
1871,25045.174679
1872,24677.432946
1873,24725.418691
1874,24852.819543
1875,24887.764744
1876,24842.073249
1877,24864.899468
1878,24955.005567
1879,25000.320818
1880,25115.000944
1881,24901.846602
1882,25286.700885
1883,25135.0534
1884,25119.815954
1885,25257.859474
1886,25178.750656
1887,25259.883144
1888,25161.210175
1889,25350.938829
1890,25308.458315
1891,25476.372415
1892,25409.403892
1893,25444.138317
1894,25454.591121
1895,25645.737578
1896,25468.366274
1897,25607.557845
1898,25780.106572
1899,25709.819245
1900,25814.646725
1901,25794.985746
1902,25787.459313
1903,25773.517891
1904,25868.980739
1905,25780.540219
1906,25863.1725
1907,25869.129122
1908,25908.848725
1909,25920.260899
1910,26054.89872
1911,26105.92508
1912,26068.625143
1913,26170.385717
1914,26193.709086
1915,26124.20863
1916,26274.353357
1917,26268.471898
1918,26275.585823
1919,26277.234828
1920,26405.960649
1921,26369.260509
1922,26446.488862
1923,26618.632906
1924,26507.807721
1925,26589.912488
1926,26472.914944
1927,26683.415199
1928,26739.098414
1929,26695.093326
1930,26802.580059
1931,26928.35165
1932,26783.879822
1933,26779.965408
1934,26977.817094
1935,26989.798383
1936,27046.733841
1937,27113.894652
1938,27117.201734
1939,27101.815682
1940,27119.304157
1941,27275.47288
1942,27283.959957
1943,27259.308509
1944,27226.303127
1945,27445.498834
1946,27292.495378
1947,27536.927488
1948,27432.119435
1949,28016.662707
1950,27698.271902
1951,27540.33671
1952,27610.609639
1953,27672.884214
1954,27712.729871
1955,27729.650354
1956,27849.533593
1957,27816.005599
1958,27873.584052
1959,27940.556533
1960,27970.082669
1961,28016.784208
1962,28038.660597
1963,28114.109495
1964,28183.613487
1965,28067.496412
1966,28252.161785
1967,28119.21202
1968,28172.361481
1969,28321.332821
1970,28229.325699
1971,28505.610922
1972,28174.926949
1973,28444.898235
1974,28600.904741
1975,28473.861075
1976,28572.58698
1977,28660.811807
1978,28604.539205
1979,28777.675567
1980,28830.541281
1981,28815.261089
1982,28861.335491
1983,28768.036589
1984,28850.520284
1985,28928.487251
1986,28942.426062
1987,28898.607576
1988,29065.32095
1989,29100.389295
1990,29093.134904
1991,29169.241965
1992,29104.390734
1993,29166.869249
1994,29229.415001
1995,29406.465014
1996,29338.541016
1997,29453.090269
1998,29373.021286
1999,29418.58986
2000,29449.705862
